{
  "installation": {
    "system_name": "Institutional Trading System",
    "version": "1.0.0",
    "install_directory": "C:\\Users\\jason\\Desktop\\syngyn\\trading_system",
    "install_time": "2025-09-07T21:53:42.574010",
    "status": "completed"
  },
  "next_steps": [
    "Copy source files to this directory (see COPY_SOURCE_FILES.txt)",
    "Download market data using mt5_data_download.py or place CSV files in data/",
    "Train models using: python run_training.py",
    "Start server using: python run_server.py",
    "Run backtest using: python run_backtest.py"
  ]
}