{
  "created": "2025-09-08T07:42:35.224536Z",
  "symbol": "EURUSD",
  "feature_count": 60,
  "seq_len": 128,
  "model_type": "moe",
  "experts": [
    "lstm",
    "transformer",
    "tcn"
  ],
  "feature_cols": [
    "eurusd_open",
    "eurusd_high",
    "eurusd_low",
    "eurusd_close",
    "eurusd_volume",
    "ret1",
    "atr14",
    "bb_upper",
    "bb_lower",
    "bb_width",
    "bb_ma",
    "bb_sd",
    "rsi14",
    "macd",
    "macd_signal",
    "macd_hist",
    "stoch_k",
    "stoch_d",
    "cci20",
    "adx14",
    "plus_di",
    "minus_di",
    "macd_d",
    "macd_hist_d",
    "macd_cross_up",
    "macd_cross_dn",
    "macd_above_zero",
    "macd_gap",
    "vol_z",
    "vol_pct",
    "vol_spike",
    "vol_mom",
    "vol_slope",
    "vol_atr_ratio",
    "obv",
    "ad_line",
    "obv_z",
    "ret_vol",
    "rv20",
    "vwap_run",
    "dev_vwap_pct",
    "dist_to_dhigh",
    "dist_to_dlow",
    "dist_to_dclose",
    "near_d_high",
    "near_d_low",
    "dist_to_whigh",
    "dist_to_wlow",
    "dist_to_round",
    "near_round",
    "dist_to_swing_high",
    "dist_to_swing_low",
    "touch_swing",
    "break_prev_swing_high",
    "break_prev_swing_low",
    "dist_to_vol_node",
    "hour_sin",
    "hour_cos",
    "dow_sin",
    "dow_cos"
  ],
  "notes": "Enhanced training build with fixed compatibility."
}